Vgs,Id,gm,gds,cgg,vth,Length,Width
0,2.79588E-10,0.00000000788697,2.049894E-10,6.299177E-16,0.4103404,0.00000015,5.00E-06
0.1,0.000000004777366,0.0000001361953,0.00000000346397,5.945187E-16,0.4103404,0.00000015,5.00E-06
0.2,0.00000008343349,0.000002390697,0.00000006226766,5.687181E-16,0.4103404,0.00000015,5.00E-06
0.3,0.00000142477,0.00003931693,0.000001078561,6.103617E-16,0.4103404,0.00000015,5.00E-06
0.4,0.00001590754,0.0003026575,0.0000107597,1.181373E-15,0.4103404,0.00000015,5.00E-06
0.5,0.00006823266,0.0007811896,0.00003143074,2.131138E-15,0.4103404,0.00000015,5.00E-06
0.6,0.0001806824,0.001498622,0.00005560647,2.659869E-15,0.4103404,0.00000015,5.00E-06
0.7,0.000370565,0.002296106,0.00008495246,2.991512E-15,0.4103404,0.00000015,5.00E-06
0.8,0.0006369639,0.00300847,0.0001188921,3.257663E-15,0.4103404,0.00000015,5.00E-06
0.9,0.000966694,0.003556277,0.000156958,3.477631E-15,0.4103404,0.00000015,5.00E-06
1,0.001342376,0.003929932,0.0002005059,3.652606E-15,0.4103404,0.00000015,5.00E-06
1.1,0.001747742,0.004155665,0.0002519824,3.789862E-15,0.4103404,0.00000015,5.00E-06
1.2,0.002169743,0.004268237,0.0003139361,3.899227E-15,0.4103404,0.00000015,5.00E-06
1.3,0.002598643,0.004298156,0.0003885654,3.989159E-15,0.4103404,0.00000015,5.00E-06
1.4,0.003027401,0.004268662,0.0004775558,4.06583E-15,0.4103404,0.00000015,5.00E-06
1.5,0.003450961,0.004196565,0.000582027,4.133421E-15,0.4103404,0.00000015,5.00E-06
1.6,0.003865698,0.004093895,0.0007025314,4.19463E-15,0.4103404,0.00000015,5.00E-06
1.7,0.004269014,0.003969352,0.0008390882,4.251127E-15,0.4103404,0.00000015,5.00E-06
1.8,0.004659056,0.003829355,0.000991243,4.303899E-15,0.4103404,0.00000015,5.00E-06
1.9,0.005034532,0.003678747,0.001158143,4.353499E-15,0.4103404,0.00000015,5.00E-06
2,0.005394577,0.003521263,0.001338619,4.400217E-15,0.4103404,0.00000015,5.00E-06
2.1,0.005738655,0.003359828,0.001531269,4.444193E-15,0.4103404,0.00000015,5.00E-06
2.2,0.00606649,0.003196758,0.001734538,4.48549E-15,0.4103404,0.00000015,5.00E-06
0,2.194364E-10,0.000000006791806,1.178187E-10,7.141944E-16,0.2895441,0.0000005,5.00E-06
0.1,0.000000004907297,0.0000001528376,0.00000000269864,6.85826E-16,0.2895441,0.0000005,5.00E-06
0.2,0.000000106799,0.000003180401,0.00000005981948,7.741835E-16,0.2895441,0.0000005,5.00E-06
0.3,0.000001365118,0.00002697394,0.0000006500036,1.688366E-15,0.2895441,0.0000005,5.00E-06
0.4,0.000006233708,0.00007328544,0.000001961871,2.705197E-15,0.2895441,0.0000005,5.00E-06
0.5,0.00001645579,0.0001324355,0.000003596425,3.163214E-15,0.2895441,0.0000005,5.00E-06
0.6,0.00003281686,0.0001945926,0.00000555276,3.411517E-15,0.2895441,0.0000005,5.00E-06
0.7,0.00005523681,0.0002527308,0.00000785538,3.587608E-15,0.2895441,0.0000005,5.00E-06
0.8,0.00008309763,0.0003029837,0.00001054282,3.732996E-15,0.2895441,0.0000005,5.00E-06
0.9,0.0001155165,0.0003437722,0.00001371123,3.860772E-15,0.2895441,0.0000005,5.00E-06
1,0.0001515306,0.0003749376,0.00001755678,3.975368E-15,0.2895441,0.0000005,5.00E-06
1.1,0.0001902011,0.0003970209,0.00002241676,4.079008E-15,0.2895441,0.0000005,5.00E-06
1.2,0.0002306574,0.0004107823,0.0000287982,4.173912E-15,0.2895441,0.0000005,5.00E-06
1.3,0.000272105,0.0004169635,0.00003736791,4.262852E-15,0.2895441,0.0000005,5.00E-06
1.4,0.00031382,0.0004162397,0.00004887768,4.348864E-15,0.2895441,0.0000005,5.00E-06
1.5,0.000355145,0.0004092787,0.00006402461,4.434566E-15,0.2895441,0.0000005,5.00E-06
1.6,0.0003954926,0.0003968256,0.00008328628,4.521477E-15,0.2895441,0.0000005,5.00E-06
1.7,0.000434356,0.0003797492,0.0001067936,4.609722E-15,0.2895441,0.0000005,5.00E-06
1.8,0.0004713211,0.0003590269,0.0001342895,4.698209E-15,0.2895441,0.0000005,5.00E-06
1.9,0.0005060742,0.0003356812,0.0001651797,4.785139E-15,0.2895441,0.0000005,5.00E-06
2,0.0005384032,0.0003106992,0.0001986454,4.868573E-15,0.2895441,0.0000005,5.00E-06
2.1,0.0005681896,0.0002849635,0.0002337732,4.94685E-15,0.2895441,0.0000005,5.00E-06
2.2,0.0005953961,0.0002592098,0.0002696668,5.018807E-15,0.2895441,0.0000005,5.00E-06
0,2.531049E-10,0.00000000796362,1.162077E-10,1.51934E-15,0.2547715,0.000001,5.00E-06
0.1,0.000000005937884,0.0000001872725,0.000000002798291,1.48261E-15,0.2547715,0.000001,5.00E-06
0.2,0.0000001263815,0.000003572002,0.00000005906333,2.058386E-15,0.2547715,0.000001,5.00E-06
0.3,0.000001214388,0.0000205984,0.0000004249354,4.660402E-15,0.2547715,0.000001,5.00E-06
0.4,0.000004595337,0.0000482896,0.000001038434,6.376068E-15,0.2547715,0.000001,5.00E-06
0.5,0.00001103627,0.00008094489,0.000001778935,7.125109E-15,0.2547715,0.000001,5.00E-06
0.6,0.00002080549,0.0001142924,0.000002650528,7.543814E-15,0.2547715,0.000001,5.00E-06
0.7,0.00003382873,0.0001456974,0.000003664135,7.836126E-15,0.2547715,0.000001,5.00E-06
0.8,0.00004983024,0.0001736854,0.000004840002,8.069989E-15,0.2547715,0.000001,5.00E-06
0.9,0.0000684274,0.0001975358,0.000006227542,8.272425E-15,0.2547715,0.000001,5.00E-06
1,0.00008919025,0.0002169781,0.00000793828,8.456854E-15,0.2547715,0.000001,5.00E-06
1.1,0.000111674,0.0002319493,0.00001019777,8.63208E-15,0.2547715,0.000001,5.00E-06
1.2,0.0001354297,0.0002424037,0.00001341887,8.805626E-15,0.2547715,0.000001,5.00E-06
1.3,0.0001599993,0.0002481884,0.00001828104,8.985466E-15,0.2547715,0.000001,5.00E-06
1.4,0.0001849026,0.0002490283,0.00002575004,9.180934E-15,0.2547715,0.000001,5.00E-06
1.5,0.0002096319,0.0002446855,0.00003691003,9.401169E-15,0.2547715,0.000001,5.00E-06
1.6,0.00023367,0.0002352673,0.00005254334,9.649888E-15,0.2547715,0.000001,5.00E-06
1.7,0.000256539,0.0002214687,0.00007266852,9.920419E-15,0.2547715,0.000001,5.00E-06
1.8,0.0002778585,0.000204508,0.00009642069,1.019708E-14,0.2547715,0.000001,5.00E-06
1.9,0.0002973827,0.0001857916,0.0001223804,1.046228E-14,0.2547715,0.000001,5.00E-06
2,0.0003150009,0.0001665679,0.0001490638,1.070298E-14,0.2547715,0.000001,5.00E-06
2.1,0.000330711,0.0001477508,0.0001752639,1.091279E-14,0.2547715,0.000001,5.00E-06
2.2,0.0003445849,0.0001299105,0.0002001619,1.109079E-14,0.2547715,0.000001,5.00E-06
